[
  {
    "nombreLibro": "Mago de Oz",
    "autor": "Julio Berne",
    "anio": 1900,
    "idSerie": "001"
  },
  {
    "nombreLibro": "El periquito Sarnieto",
    "autor": "Jose Joaquiz Fernadez lopez",
    "anio": 1816,
    "idSerie": "002"
  },
  {
    "nombreLibro": "El diario de Greg",
    "autor": "Jeff Kiney",
    "anio": 2007,
    "idSerie": "003"
  },
  {
    "nombreLibro": "Luna de pluton",
    "autor": "David Angel Revilla",
    "anio": 2015,
    "idSerie": "004"
  },
  {
    "nombreLibro": "Don Quijote de la mancha",
    "autor": "Miguel de Cervantes",
    "anio": 1603,
    "idSerie": "006"
  },
  {
    "nombreLibro": "Harry potter y la piedra filosofal",
    "autor": "Joanne Kathleen Rowling",
    "anio": 1990,
    "idSerie": "007"
  },
  {
    "nombreLibro": "Capeructia Roja",
    "autor": "Charles Perrault|",
    "anio": 1703,
    "idSerie": "009"
  }
]