<?xml version="1.0" encoding="UTF-8"?>
<project-private xmlns="http://www.netbeans.org/ns/project-private/1">
    <editor-bookmarks xmlns="http://www.netbeans.org/ns/editor-bookmarks/2" lastBookmarkId="0"/>
    <open-files xmlns="http://www.netbeans.org/ns/projectui-open-files/2">
        <group>
            <file>file:/C:/Users/vega2/OneDrive/Documentos/NetBeansProjects/a2221330009_Sistema_De_Gestion/src/Vista/PanelPrincipal.java</file>
            <file>file:/C:/Users/vega2/OneDrive/Documentos/NetBeansProjects/a2221330009_Sistema_De_Gestion/src/Vista/PanelListaLibro.java</file>
            <file>file:/C:/Users/vega2/OneDrive/Documentos/NetBeansProjects/a2221330009_Sistema_De_Gestion/src/Controlador/LibroGuardar.java</file>
            <file>file:/C:/Users/vega2/OneDrive/Documentos/NetBeansProjects/a2221330009_Sistema_De_Gestion/src/Controlador/A2221330009_Sistema_De_Gestion.java</file>
            <file>file:/C:/Users/vega2/OneDrive/Documentos/NetBeansProjects/a2221330009_Sistema_De_Gestion/src/Modelo/PanelAgregarLibro.java</file>
            <file>file:/C:/Users/vega2/OneDrive/Documentos/NetBeansProjects/a2221330009_Sistema_De_Gestion/src/Vista/ListaEntidades.java</file>
        </group>
    </open-files>
</project-private>
